City,Latitude,Longitude,Severity
Kharagpur,22.351613377913694,87.33276745318219,1
Kharagpur,22.376171598965374,87.33495048609134,3
Kharagpur,22.29402207254649,87.28904764670828,2
Kharagpur,22.287988079307258,87.33128635790398,5
Kharagpur,22.259222048998282,87.2253382034446,4
Kharagpur,22.394394155831403,87.2417331786277,4
Kharagpur,22.298973562379164,87.26697312393142,1
Kharagpur,22.397493253381818,87.25869684234291,5
Kharagpur,22.349657080578947,87.23825126366616,4
Kharagpur,22.291927078837585,87.28179781582122,1
Kharagpur,22.328430407195622,87.34249473908089,5
Kharagpur,22.350515227851044,87.27492030445632,4
Kharagpur,22.30262359401649,87.32122343234184,3
Kharagpur,22.259996872366393,87.27567927135908,1
Kharagpur,22.308817405141866,87.28681153171964,4
Kharagpur,22.292439093406966,87.22660808119889,3
Kharagpur,22.35614672152053,87.2550959265741,4
Kharagpur,22.310687078483586,87.32790945435251,2
Kharagpur,22.375227162470726,87.21899994172855,4
Kharagpur,22.321939492490635,87.22193448523164,4
Kharagpur,22.34114436907879,87.24808895273291,1
Kharagpur,22.355980701802874,87.24408538838257,4
Kharagpur,22.392947696081404,87.22129738532486,4
Kharagpur,22.33783489742622,87.28298999196903,1
Kharagpur,22.306997571457902,87.27470180478421,4
Kharagpur,22.36366706358375,87.32523699011884,1
Kharagpur,22.300225980315044,87.28204010894626,5
Kharagpur,22.283976271470966,87.32238055715978,2
Kharagpur,22.29158591095083,87.31880492119102,2
Kharagpur,22.25772696887828,87.30425357954786,5
Kharagpur,22.38050068641185,87.23165165272583,5
Kharagpur,22.38868753868309,87.32834415961983,4
Kharagpur,22.391182136529153,87.23764660587777,5
Kharagpur,22.29322493561323,87.29567496907814,5
Kharagpur,22.36467086208356,87.31660004378686,4
Kharagpur,22.324461836899502,87.2560906979551,1
Kharagpur,22.389395513762146,87.29255569805204,3
Kharagpur,22.389410868793554,87.27555072454868,2
Kharagpur,22.3194858373831,87.33804878859333,2
Kharagpur,22.291387038957364,87.33018134133002,3
Kharagpur,22.356335434209306,87.2425825073298,5
Kharagpur,22.28131481587698,87.28218944291767,5
Kharagpur,22.259418911232896,87.33559655584764,1
Kharagpur,22.296832612421312,87.24131152853063,2
Kharagpur,22.35338754989287,87.2847461597853,3
Kharagpur,22.27314192148653,87.33423304814346,3
Kharagpur,22.3616295905414,87.20185095461599,3
Kharagpur,22.259949519917775,87.29572246234827,5
Kharagpur,22.29236615032623,87.21782419720058,4
Kharagpur,22.343665069123304,87.26924439471522,2
Kharagpur,22.32007095273457,87.31601259759726,4
Kharagpur,22.35064725586209,87.24519384681133,3
Kharagpur,22.369985338856598,87.34201073697491,2
Kharagpur,22.355227385011016,87.33635349393172,5
Kharagpur,22.37591653369608,87.23760442619742,2
Kharagpur,22.387630099937827,87.31758391544122,5
Kharagpur,22.36414080790266,87.24932787079558,3
Kharagpur,22.357611026461438,87.33125005767671,3
Kharagpur,22.289692339020455,87.25975444807102,2
Kharagpur,22.268893851083035,87.21095285300947,5
Kharagpur,22.315054188761366,87.24860429655128,1
Kharagpur,22.338234205103983,87.25238423955848,4
Kharagpur,22.318012780730616,87.25620236872956,2
Kharagpur,22.263111311936303,87.26069559127545,3
Kharagpur,22.2880487589101,87.24974216083646,4
Kharagpur,22.318482587159387,87.24220711464922,2
Kharagpur,22.393462166353167,87.22871923883629,5
Kharagpur,22.368884120750327,87.2401907142209,5
Kharagpur,22.354195394733825,87.34465222251474,1
Kharagpur,22.335321788817755,87.24908003457445,2
Kharagpur,22.37356107443659,87.30966052309375,4
Kharagpur,22.34900701555721,87.23539691777343,1
Kharagpur,22.34392803437286,87.25399347011272,2
Kharagpur,22.292059855705055,87.27253606093355,1
Kharagpur,22.362028820440575,87.31288846764141,5
Kharagpur,22.38028078295899,87.27305870132102,3
Kharagpur,22.32866220856954,87.22550273186656,3
Kharagpur,22.290844449687246,87.31312271838472,2
Kharagpur,22.260730173767026,87.24233709990429,1
Kharagpur,22.328165754286655,87.25134998512907,3
Kharagpur,22.360037798440747,87.32848747898284,3
Kharagpur,22.267125330392275,87.24678649742866,1
Kharagpur,22.395277159489666,87.33817976698873,2
Kharagpur,22.322961583421325,87.22294571229587,3
Kharagpur,22.286317506798817,87.33290198772221,3
Kharagpur,22.38193627792148,87.25127806630982,3
Kharagpur,22.33086924520176,87.22187458857289,4
Kharagpur,22.325538582228337,87.31462702487654,3
Kharagpur,22.26887478951193,87.24228304651292,1
Kharagpur,22.314470951720754,87.33613520641686,5
Kharagpur,22.315826323700936,87.24432334355349,3
Kharagpur,22.373681567928898,87.33233710798885,2
Kharagpur,22.36789409337844,87.266076892692,4
Kharagpur,22.29509318146682,87.21493562435953,1
Kharagpur,22.270019981319443,87.30646939919089,3
Kharagpur,22.376561184413486,87.33894769404455,2
Kharagpur,22.37114881650533,87.23409150509983,2
Kharagpur,22.278568912285106,87.28450819213718,3
Kharagpur,22.31438911906158,87.32049777155687,3
Kharagpur,22.345670051203392,87.33603881783648,2
Kharagpur,22.346825615196316,87.25020372132646,3
Kharagpur,22.396493499057733,87.20216289356335,4
Kharagpur,22.38147551567828,87.20502667861139,1
Kharagpur,22.34879329076839,87.31771586947995,1
Kharagpur,22.382814929886603,87.25871949943144,4
Kharagpur,22.304597743659095,87.30240072214569,3
Kharagpur,22.33431943966585,87.30639545489112,3
Kharagpur,22.292804682156728,87.26675121905453,2
Kharagpur,22.30404204740215,87.278621382098,4
Kharagpur,22.25214659810241,87.28251572180488,4
Kharagpur,22.26425662223472,87.28043832935063,2
Kharagpur,22.33055055192243,87.28652530456252,4
Kharagpur,22.270442155851264,87.22263965488132,5
Kharagpur,22.36948101453361,87.2583988018539,1
Kharagpur,22.27638311053372,87.26587075508301,3
Kharagpur,22.376974803254704,87.25920460427925,5
Kharagpur,22.392619879923902,87.29987045493237,4
Kharagpur,22.34310036212386,87.26206479955877,3
Kharagpur,22.262170509747303,87.30239966840892,2
Kharagpur,22.367659940141113,87.20446350578659,3
Kharagpur,22.33168818567371,87.2980394487024,1
Kharagpur,22.321111913646682,87.25460588231778,4
Kharagpur,22.322205197496054,87.20659202114906,1
Kharagpur,22.284800722784603,87.30191919895854,2
Kharagpur,22.3774522953921,87.25469319389289,5
Kharagpur,22.25446781138349,87.27223446370655,1
Kharagpur,22.299481803545213,87.32928569883262,4
Kharagpur,22.29034346401666,87.26572329241662,2
Kharagpur,22.271182422477924,87.30623995589136,1
Kharagpur,22.255092218650514,87.29395287963733,1
Kharagpur,22.361863390386276,87.24681938778167,5
Kharagpur,22.362970130572513,87.224332448618,3
Kharagpur,22.37856388302073,87.27963462053269,5
Kharagpur,22.390212214097048,87.28983588342625,2
Kharagpur,22.393791154134803,87.26823464763046,5
Kharagpur,22.27902808993259,87.33106229259286,1
Kharagpur,22.39944267615472,87.27747427532734,4
Kharagpur,22.34149463063604,87.33859640683205,4
Kharagpur,22.34168255383817,87.2460371357325,2
Kharagpur,22.273056621880734,87.30390264350848,2
Kharagpur,22.357757218796806,87.32652400284869,4
Kharagpur,22.295145064830937,87.26265373538979,2
Kharagpur,22.308186734982993,87.33957535411248,1
Kharagpur,22.28518716309861,87.20480069601977,1
Kharagpur,22.386302139753056,87.25084536802956,1
Kharagpur,22.301586916100575,87.3488107326197,1
Kharagpur,22.38774260424401,87.33295195950213,4
Kharagpur,22.377950297066327,87.21411333380537,1
Kharagpur,22.321706198468853,87.32688242263846,2
Kharagpur,22.259289358513385,87.2304715679891,1
Kharagpur,22.34876247014743,87.27874453733543,5
Kharagpur,22.38780542909693,87.20436577257423,1
Kharagpur,22.296188759124792,87.21643584856993,1
Kharagpur,22.346098099903564,87.2983595683533,5
Kharagpur,22.343745156742234,87.2929717068271,1
Kharagpur,22.2600510661475,87.2305461920246,3
Kharagpur,22.307152607690224,87.32994271914815,4
Kharagpur,22.27899490051449,87.22041233480181,1
Kharagpur,22.33685250476323,87.3006547341126,5
Kharagpur,22.33569782279897,87.2652905562181,5
Kharagpur,22.255882542341727,87.30962441493723,3
Kharagpur,22.263872199316573,87.26702341483285,2
Kharagpur,22.39125342932859,87.28483810395309,2
Kharagpur,22.271160498105782,87.22810322720242,5
Kharagpur,22.31694489044784,87.28444879239356,2
Kharagpur,22.353655417135563,87.33495519726762,3
Kharagpur,22.264730188336376,87.21472429828079,4
Kharagpur,22.2679883930901,87.33269336674779,4
Kharagpur,22.259665827314553,87.32342837846785,4
Kharagpur,22.290233826227347,87.25197872819147,3
Kharagpur,22.26957200079216,87.31971500766383,1
Kharagpur,22.28556022500935,87.28972972431951,4
Kharagpur,22.26743366509052,87.25708031551035,5
Kharagpur,22.281098128100542,87.25465364944822,3
Kharagpur,22.347265635084256,87.20771529549111,2
Kharagpur,22.340471784348995,87.26220041825489,2
Kharagpur,22.31251789302236,87.30598430087367,1
Kharagpur,22.34660413825177,87.33691092842484,4
Kharagpur,22.305021268937796,87.20275266485058,4
Kharagpur,22.29121456918717,87.32156230817397,1
Kharagpur,22.347616012432294,87.22908941256676,3
Kharagpur,22.380411225286736,87.23449931392949,1
Kharagpur,22.293214926311094,87.22818435800383,2
Kharagpur,22.34692198765395,87.31893688005826,4
Kharagpur,22.342293563216302,87.27440108605713,1
Kharagpur,22.301852346192888,87.29253497381853,1
Kharagpur,22.39659680627342,87.2310947300661,2
Kharagpur,22.27241579570639,87.31061830355296,1
Kharagpur,22.277699853257428,87.31365201642899,1
Kharagpur,22.321977538524873,87.2297209058808,2
Kharagpur,22.37028987705283,87.20268541504109,5
Kharagpur,22.26935774057593,87.20811096952048,2
Kharagpur,22.398432544166884,87.31615350175863,3
Kharagpur,22.370104743547586,87.23029408572226,4
Kharagpur,22.308982330908368,87.26570248278455,4
Kharagpur,22.36901385750571,87.23861559206408,3
Kharagpur,22.34202294728096,87.26278066030478,1
Kharagpur,22.38208172062608,87.2893217628472,4
Kharagpur,22.251427715983247,87.29777293539514,4
Kharagpur,22.324001924970425,87.28002229557868,2
Kharagpur,22.33053296998535,87.33927896402406,2
Kharagpur,22.369259840366688,87.31169754896037,2
Kharagpur,22.378613606814316,87.2102542646056,2
Kharagpur,22.37864161166513,87.20414726777501,2
Kharagpur,22.391276068039996,87.21363274905306,5
Kharagpur,22.343982697149215,87.23960508175277,4
Kharagpur,22.368233425871182,87.25288761577985,5
Kharagpur,22.28082714997801,87.24748881917225,1
Kharagpur,22.33662114838053,87.28244102758757,2
Kharagpur,22.32249271745393,87.32355657300207,2
Kharagpur,22.297302161041777,87.2995792557849,5
Kharagpur,22.287046301317684,87.29210785206644,3
Kharagpur,22.388150346624876,87.25193922904401,5
Kharagpur,22.3008318459948,87.34463550656477,4
Kharagpur,22.318612970889408,87.20036224809155,1
Kharagpur,22.2925311817613,87.29554395888516,5
Kharagpur,22.267914264549677,87.20891073799551,4
Kharagpur,22.257601090393752,87.26624176396042,1
Kharagpur,22.34019654279031,87.25213825247056,3
Kharagpur,22.260886739528097,87.3082587403429,1
Kharagpur,22.291268207017257,87.20733439707735,5
Kharagpur,22.344964278305536,87.34095753087453,4
Kharagpur,22.334521220638145,87.33926986668472,4
Kharagpur,22.33274111755477,87.32209386484799,5
Kharagpur,22.327891163013685,87.22576222665789,2
Kharagpur,22.3497921419145,87.29294111559713,1
Kharagpur,22.315618881240457,87.33511406766458,5
Kharagpur,22.3885682673594,87.33165592367048,4
Kharagpur,22.34639076235331,87.25774717442953,1
Kharagpur,22.396518117355885,87.2195525164268,5
Kharagpur,22.394475851446284,87.30438320815314,2
Kharagpur,22.399661553421375,87.25204453284327,1
Kharagpur,22.387110034725854,87.34206062311793,1
Kharagpur,22.388701487094043,87.27211712846876,4
Kharagpur,22.316189863258487,87.23395523145447,5
Kharagpur,22.368276407234134,87.32487882010568,5
Kharagpur,22.367730840442086,87.31340656529164,1
Kharagpur,22.29302646712962,87.31243087061404,2
Kharagpur,22.330677270255745,87.3083772034428,5
Kharagpur,22.284877498134584,87.33268962036989,1
Kharagpur,22.30761655889889,87.3081113806596,5
Kharagpur,22.373960140186448,87.2057655901153,3
Kharagpur,22.293880785137866,87.2479610905157,2
Kharagpur,22.384665453115748,87.26013225890456,1
Kharagpur,22.344205481018914,87.32181288219627,5
Kharagpur,22.338298042295374,87.3326158483813,5
Kharagpur,22.38623619205668,87.26070848068058,2
Kharagpur,22.282680037856082,87.33463333803381,1
Kharagpur,22.3486477002605,87.33159306157229,4
Kharagpur,22.389354649108896,87.28210328187525,4
Kharagpur,22.305773683124393,87.26490305993173,1
Kharagpur,22.319936435800162,87.2589878960662,5
Kharagpur,22.371545876661596,87.2901315600653,4
Kharagpur,22.306126471275842,87.23340075463366,4
Kharagpur,22.304218224917573,87.28361704898902,1
Kharagpur,22.39864838107886,87.22098353217285,2
Kharagpur,22.37329903007557,87.29731455524626,1
Kharagpur,22.394150814247844,87.20486651776089,5
Kharagpur,22.333990585223265,87.26961614869046,1
Kharagpur,22.389537862717734,87.29050587839286,2
Kharagpur,22.319230419950642,87.32802476814317,1
Kharagpur,22.325310444174256,87.32387597837301,3
Kharagpur,22.38964566941543,87.29851253400986,3
Kharagpur,22.34426986324144,87.22899781077157,2
Kharagpur,22.289720286813644,87.22744801523645,4
Kharagpur,22.260828145711443,87.21971464894455,2
Kharagpur,22.36319836275613,87.21560143765083,5
Kharagpur,22.359800461584168,87.26332276884658,5
Kharagpur,22.356472884431152,87.24999427766566,4
Kharagpur,22.35114169101318,87.28525148421234,3
Kharagpur,22.347281895577144,87.23604152245709,2
Kharagpur,22.358533094261958,87.200791853657,2
Kharagpur,22.250005148223565,87.25883941996511,3
Kharagpur,22.31962107888939,87.20446983330751,5
Kharagpur,22.275913941136587,87.22423982178233,2
Kharagpur,22.27717871375433,87.2094370776533,5
Kharagpur,22.37637031570429,87.31817029776414,1
Kharagpur,22.383772753131353,87.27107981721682,4
Kharagpur,22.30435516660279,87.23524966256954,4
Kharagpur,22.296262246663055,87.25537640107646,2
Kharagpur,22.314436819620976,87.2409331994437,2
Kharagpur,22.26606983004429,87.28819539755723,1
Kharagpur,22.320840871309247,87.297168131322,3
Kharagpur,22.28698112527324,87.2649769319228,5
Kharagpur,22.26855386168761,87.31435376163525,1
Kharagpur,22.317202151276913,87.20143885555714,1
Kharagpur,22.3643587523454,87.30747063548304,4
Kharagpur,22.35978454946481,87.28382817465855,5
Kharagpur,22.27461982207382,87.22125853697206,2
Kharagpur,22.386678216803293,87.29646180763196,2
Kharagpur,22.30598169208902,87.20305103949141,1
Kharagpur,22.39581550283524,87.25878510801512,2
Kharagpur,22.33247075421612,87.230760899919,5
Kharagpur,22.329840020599534,87.25567028708451,2
Kharagpur,22.36046079021701,87.2415893611085,5
Kharagpur,22.256057429766848,87.30405263435345,1
Kharagpur,22.259788289543657,87.25326482049654,2
Kharagpur,22.27919294359474,87.34258595565227,1
Kharagpur,22.351869477601728,87.24168205209425,4
Kharagpur,22.333135546448847,87.26940949380592,1
Kharagpur,22.252128719414458,87.23252393053066,5
Kharagpur,22.33111054382579,87.21071586421247,5
Kharagpur,22.361408401861066,87.31423138567361,2
Kharagpur,22.320448566654942,87.22841619036001,3
Kharagpur,22.31299976419161,87.25635789413069,4
Kharagpur,22.348658560099892,87.34761898897797,2
Kharagpur,22.284448309045565,87.31815171298351,5
Kharagpur,22.258821168892624,87.2109318102246,2
Kharagpur,22.384586265979205,87.2718850410239,5
Kharagpur,22.3807856628232,87.20880868125013,3
Kharagpur,22.28846107374772,87.3268362602319,3
Kharagpur,22.285735219971404,87.3196461280174,3
Kharagpur,22.27979136983607,87.24170417598636,4
Kharagpur,22.287779200187384,87.28210621470363,4
Kharagpur,22.373510202663745,87.23663907219904,5
Kharagpur,22.314205102677487,87.31081299627446,2
Kharagpur,22.39309351210183,87.31166129111419,2
Kharagpur,22.39532648314008,87.22928255143823,1
Kharagpur,22.328534091488525,87.3360917739676,3
Kharagpur,22.263116765860573,87.25142609631968,2
Kharagpur,22.31587056877111,87.32296335864646,1
Kharagpur,22.285911474180956,87.30173838990969,1
Kharagpur,22.311071177383358,87.34501640716665,1
Kharagpur,22.367639250748905,87.2367853817294,5
Kharagpur,22.369455322698183,87.28371553614087,5
Kharagpur,22.27653735721536,87.26312329163045,2
Kharagpur,22.335192703489817,87.22139725212611,1
Kharagpur,22.33780556316329,87.26146616632913,2
Kharagpur,22.268082970455954,87.28881436963644,2
Kharagpur,22.33470979492207,87.26010924832907,4
Kharagpur,22.39123048317622,87.33014456984439,5
Kharagpur,22.321064580873376,87.20669909164882,2
Kharagpur,22.343781297171827,87.2124671599037,3
Kharagpur,22.311657310895892,87.34025608039326,3
Kharagpur,22.371592191268103,87.21396714950545,2
Kharagpur,22.38396488272349,87.21292032879428,4
Kharagpur,22.28694704834594,87.30053595530043,4
Kharagpur,22.36149250221063,87.29563447339365,3
Kharagpur,22.33432566048851,87.26069187150196,5
Kharagpur,22.28008286097832,87.24700057309943,2
Kharagpur,22.269495753885714,87.26716260458564,5
Kharagpur,22.310786476740866,87.30497131020385,4
Kharagpur,22.342277074171566,87.30371429354399,3
Kharagpur,22.28279257898625,87.34187664659709,1
Kharagpur,22.282695696545456,87.33261781853642,1
Kharagpur,22.352639417907444,87.22198861879016,3
Kharagpur,22.340258637865183,87.21565063615665,3
Kharagpur,22.383464009447227,87.20872321353947,1
Kharagpur,22.314296501000495,87.23558058859987,1
Kharagpur,22.352540141984644,87.21018571418135,3
Kharagpur,22.377303610314513,87.30365796505468,2
Kharagpur,22.28111060072593,87.30086017460391,5
Kharagpur,22.336449321334875,87.30842417490892,4
Kharagpur,22.34055947302395,87.29963350635178,5
Kharagpur,22.30460900428379,87.22010059421942,3
Kharagpur,22.254967711287676,87.22108986626378,1
Kharagpur,22.2866396296087,87.31694627043373,2
Kharagpur,22.32113222600516,87.3346115126725,4
Kharagpur,22.31688224279324,87.34543456062251,2
Kharagpur,22.301924529964715,87.21163124321,2
Kharagpur,22.309991593955004,87.23642079654132,2
Kharagpur,22.284627913709517,87.26982203171318,1
Kharagpur,22.27164861646829,87.33506751000846,3
Kharagpur,22.351520165820585,87.29019526673193,1
Kharagpur,22.259742263490395,87.20651857482486,4
Kharagpur,22.25993539020459,87.32616630879919,2
Kharagpur,22.362792823253862,87.22919698637082,3
Kharagpur,22.262598659416017,87.30410246320355,3
Kharagpur,22.367445379223277,87.34599625650135,5
Kharagpur,22.291295270559402,87.28606131579467,3
Kharagpur,22.330326176546233,87.23198466204826,1
Kharagpur,22.374377823747068,87.33452403158803,2
Kharagpur,22.340192715454915,87.32192303653716,1
Kharagpur,22.363892862498655,87.34993158943787,3
Kharagpur,22.35821726054921,87.28779068413192,5
Kharagpur,22.364814151334294,87.34514934733316,4
Kharagpur,22.3061025844271,87.29042265700848,5
Kharagpur,22.293690976398707,87.32759925673044,5
Kharagpur,22.349672657800998,87.23023240401056,5
Kharagpur,22.311907284982983,87.33494062773279,1
Kharagpur,22.306207675897735,87.302109469134,3
Kharagpur,22.26184499077274,87.23910021812345,3
Kharagpur,22.26124616371334,87.23984969476635,2
Kharagpur,22.399659840171378,87.31298474688462,1
Kharagpur,22.253786381727625,87.33061797300364,4
Kharagpur,22.27391521408517,87.25380562552743,4
Kharagpur,22.334457283676976,87.34302127287239,2
Kharagpur,22.30885140523194,87.2517008009923,2
Kharagpur,22.286903857597288,87.33453659116152,2
Kharagpur,22.335777334328274,87.26454415107953,5
Kharagpur,22.27813136293786,87.22445260140869,5
Kharagpur,22.384584081053614,87.24318958815336,1
Kharagpur,22.2540410412195,87.2070801743838,4
Kharagpur,22.35093265170591,87.23820645290289,1
Kharagpur,22.359090079359916,87.2335143734554,3
Kharagpur,22.30841877758575,87.3454412886731,1
Kharagpur,22.312031986634018,87.23653349727459,1
Kharagpur,22.325678263115183,87.33006970147464,1
Kharagpur,22.266372933761993,87.34473767686444,5
Kharagpur,22.26623989422539,87.28480809422517,3
Kharagpur,22.326733802865437,87.22226441139546,1
Kharagpur,22.264668624948406,87.34868309066738,1
Kharagpur,22.2865318253124,87.30777307244416,3
Kharagpur,22.348407746412576,87.3318084862575,1
Kharagpur,22.288103248317597,87.31521505594976,2
Kharagpur,22.306421067546502,87.30137774978928,2
Kharagpur,22.33589836452427,87.24765105834581,3
Kharagpur,22.263663200284707,87.25248337456348,4
Kharagpur,22.363909195712306,87.3460459737359,1
Kharagpur,22.280646936026397,87.23244660118968,4
Kharagpur,22.321205735465153,87.21389969712052,3
Kharagpur,22.28303190782312,87.22818325329517,5
Kharagpur,22.273104863015092,87.26431618819001,5
Kharagpur,22.357588024880076,87.25407043168487,2
Kharagpur,22.26943268989906,87.20813302433173,2
Kharagpur,22.306548019238825,87.26378949244612,2
Kharagpur,22.31383849143416,87.31249385216596,1
Kharagpur,22.365500663758525,87.27005979220486,5
Kharagpur,22.355812140874804,87.23652586638651,5
Kharagpur,22.275816281466067,87.31896359622024,5
Kharagpur,22.35901877567408,87.2219557754358,1
Kharagpur,22.30339440175709,87.3252793069879,4
Kharagpur,22.378945605613612,87.2934800898744,4
Kharagpur,22.363046809461874,87.3317663948878,4
Kharagpur,22.39601190120187,87.33121127178649,3
Kharagpur,22.259127281778174,87.337052532602,4
Kharagpur,22.290109851844072,87.28693811568834,3
Kharagpur,22.380767405543338,87.3086322926447,4
Kharagpur,22.270459736087737,87.32470323601066,4
Kharagpur,22.2612490342731,87.34491126613086,2
Kharagpur,22.3296855804733,87.2888317360516,1
Kharagpur,22.31730109352282,87.33471120540271,2
Kharagpur,22.34763844661478,87.23157535259078,1
Kharagpur,22.252069636204645,87.30437470350626,1
Kharagpur,22.286984078098214,87.26746169981476,2
Kharagpur,22.355873183631893,87.27002597922248,3
Kharagpur,22.272858652298588,87.33334886560884,1
Kharagpur,22.39030021977868,87.31014228991148,3
Kharagpur,22.31612826279094,87.29934533715821,3
Kharagpur,22.32756562708402,87.24870694439741,4
Kharagpur,22.26403285504889,87.31054594236006,4
Kharagpur,22.346835583154988,87.29373949150168,1
Kharagpur,22.383315716228232,87.28857535146825,1
Kharagpur,22.300174900502988,87.34743713221228,5
Kharagpur,22.334160128381885,87.20779767919035,1
Kharagpur,22.261226051884837,87.21372254222462,1
Kharagpur,22.322301473554756,87.30674449014661,1
Kharagpur,22.277325000179637,87.23210886092835,4
Kharagpur,22.29981601708258,87.27009414783522,4
Kharagpur,22.30973767372383,87.23947078863841,4
Kharagpur,22.354785382787302,87.30031599110634,1
Kharagpur,22.39038939941584,87.27043014892273,1
Kharagpur,22.37535327415751,87.3034442181138,5
Kharagpur,22.298628272877018,87.23997427008702,3
Kharagpur,22.30161310298512,87.27322316385447,4
Kharagpur,22.380942881118656,87.29515399310625,5
Kharagpur,22.365707311258504,87.32513269274793,1
Kharagpur,22.313433083543217,87.32728452350568,3
Kharagpur,22.280937651380977,87.25007396182379,4
Kharagpur,22.310212232108178,87.30729402426768,4
Kharagpur,22.26869135400423,87.29756576544705,3
Kharagpur,22.39745838798481,87.23541365684814,2
Kharagpur,22.371440220999837,87.31508208490183,5
Kharagpur,22.26866512627205,87.321872406353,3
Kharagpur,22.258830560931322,87.24670202793871,3
Kharagpur,22.345387886435418,87.23242185631543,4
Kharagpur,22.30562374112915,87.33499233300385,5
Kharagpur,22.342120030375344,87.34889641944312,4
Kharagpur,22.303988041329273,87.26414343366635,4
Kharagpur,22.394452890550582,87.34486653010947,2
Kharagpur,22.379145476552914,87.2397839341243,5
Kharagpur,22.310969245856505,87.21764721244075,1
Kharagpur,22.366913985358096,87.28805584462201,2
Kharagpur,22.374341573529403,87.20249650484214,2
Kharagpur,22.29323861330108,87.27420502394102,2
Kharagpur,22.302164808924164,87.21348197078889,3
Kharagpur,22.291308441797995,87.26879969282194,2
Kharagpur,22.321762027757696,87.28456471748544,2
Kharagpur,22.26614939113505,87.22989310215,5
Kharagpur,22.314157601326883,87.2117463934036,3
Kharagpur,22.30895831287275,87.26812677189811,2
Kharagpur,22.371215754614035,87.28281922564464,2
Kharagpur,22.39975681167211,87.20200797054056,2
Kharagpur,22.372083239170774,87.25677532850418,2
Kharagpur,22.305050031789914,87.3156737135292,5
Kharagpur,22.260604680214993,87.2468772596896,1
Kharagpur,22.284293566234304,87.30227589769795,5
Kharagpur,22.339386627915058,87.23339993176852,2
Kharagpur,22.379547463280087,87.25342431325095,2
Kharagpur,22.253688896249457,87.22829285411889,3
Kharagpur,22.280585848458003,87.3244311252269,2
Kharagpur,22.37530131322487,87.2601268361616,3
Kharagpur,22.377924079033676,87.2502862655801,2
Kharagpur,22.288726672818033,87.31501974842465,3
Kharagpur,22.260634546053055,87.31103056689992,3
Kharagpur,22.256836236315657,87.25615190290347,1
Kharagpur,22.395066083915545,87.26536107608705,4
Kharagpur,22.25942658695353,87.26729239387281,3
Kharagpur,22.286431244129243,87.26793434209436,3
Kharagpur,22.351009429151528,87.2644834667812,4
Kharagpur,22.338074677335968,87.29701865546966,2
Kharagpur,22.355736876792474,87.24130479835696,2
Kharagpur,22.390366981298953,87.31899013188145,5
Kharagpur,22.26251441551512,87.3460618136278,3
Kharagpur,22.30799091444877,87.2824949630139,1
Kharagpur,22.284319700373214,87.29910714921344,3
Kharagpur,22.37173549532073,87.2243766233208,3
Kharagpur,22.258411594329047,87.23246470251271,3
Kharagpur,22.263834243698973,87.2969116800821,5
Kharagpur,22.320674927990925,87.33570506947507,1
Kharagpur,22.315684812103548,87.27085061603847,1
Kharagpur,22.35723482192855,87.28629196719416,2
Kharagpur,22.36827823813994,87.32760581200839,3
Kharagpur,22.32804248959757,87.26435128799628,4
Kharagpur,22.301629210383418,87.34673032495537,4
Kharagpur,22.336210953815392,87.3022687564117,3
Kharagpur,22.2695411442754,87.31640082005336,5
Kharagpur,22.39781684234933,87.32314503913925,3
Kharagpur,22.26484773799839,87.33238622951313,3
Kharagpur,22.321369708810792,87.2608082426139,1
Kharagpur,22.318054955511133,87.34742524793899,4
Kharagpur,22.317187135473624,87.28220903216584,4
Kharagpur,22.384000380117957,87.22061348467106,3
Kharagpur,22.293905579588994,87.28566619992412,2
Kharagpur,22.2619838710197,87.28648860892402,4
Kharagpur,22.354742184399367,87.26773725727647,4
Kharagpur,22.34206663112615,87.2608520954398,2
Kharagpur,22.297064974392413,87.28586894185493,4
Kharagpur,22.308169730619962,87.28013802583287,5
Kharagpur,22.28571144757995,87.21302708001807,3
Kharagpur,22.26578763992332,87.34836925994206,1
Kharagpur,22.38772887288349,87.21429354144325,1
Kharagpur,22.31884010065421,87.28294849282986,4
Kharagpur,22.268780640277125,87.31921831805685,5
Kharagpur,22.333733178932217,87.28926925659358,4
Kharagpur,22.35182264323046,87.21874420629968,5
Kharagpur,22.312680613877767,87.31990406525215,4
Kharagpur,22.258761752488297,87.23264749623387,5
Kharagpur,22.358730357088557,87.21114371898292,4
Kharagpur,22.25474162057127,87.28863236769814,5
Kharagpur,22.28505406393251,87.20649096583409,1
Kharagpur,22.352535464447083,87.30742193467842,4
Kharagpur,22.259949134177656,87.3257292149679,5
Kharagpur,22.3935825099122,87.23513409446163,1
Kharagpur,22.37536467690102,87.26195407663792,4
Kharagpur,22.316349895098618,87.27407645228355,1
Kharagpur,22.31849269858189,87.22472109124817,3
Kharagpur,22.39804907648398,87.28339638866174,5
Kharagpur,22.28170124732312,87.34756140823275,3
Kharagpur,22.268507215971237,87.24292700640574,2
Kharagpur,22.312017770482974,87.3097628865277,2
Kharagpur,22.28622325703386,87.25807721505771,1
Kharagpur,22.267756286501427,87.26140877574453,2
Kharagpur,22.291228548184943,87.32229195576804,1
Kharagpur,22.334585149050795,87.26075353583381,2
Kharagpur,22.288434336332653,87.22905184695547,2
Kharagpur,22.29065636494555,87.23531436351534,1
Kharagpur,22.353548044378964,87.32473465670293,2
Kharagpur,22.265800828588716,87.28712748968118,3
Kharagpur,22.261777154376365,87.24495571115642,1
Kharagpur,22.254969601976804,87.27418570811012,2
Kharagpur,22.264204509896793,87.29511253787665,5
Kharagpur,22.331596851274693,87.34184984274385,5
Kharagpur,22.313840982581542,87.33838914351973,2
Kharagpur,22.274725834178533,87.33270216749922,4
Kharagpur,22.376348851600554,87.33623717031428,4
Kharagpur,22.27890938434586,87.24440415335268,1
Kharagpur,22.337414975756836,87.22014111910433,3
Kharagpur,22.26685767790843,87.30415556779577,1
Kharagpur,22.350166726352754,87.3173063960429,4
Kharagpur,22.368699231697907,87.21687724920616,1
Kharagpur,22.36199769146466,87.25705434401083,5
Kharagpur,22.377423115371485,87.31396573771393,5
Kharagpur,22.37674814461813,87.3339435894197,5
Kharagpur,22.37164035671419,87.29282775813934,4
Kharagpur,22.311475257742227,87.20805446366954,2
Kharagpur,22.29927648889879,87.22573598274109,4
Kharagpur,22.287493466650854,87.31656490230611,2
Kharagpur,22.3187788957284,87.24560233621511,5
Kharagpur,22.373282651672287,87.32533306707086,1
Kharagpur,22.361730753581288,87.30973333410348,3
Kharagpur,22.315477192950382,87.21439811714986,5
Kharagpur,22.255498558503046,87.2926013245572,2
Kharagpur,22.290750152160356,87.23462114893499,1
Kharagpur,22.26431190398701,87.25974857178407,3
Kharagpur,22.37885028697005,87.22827194618445,1
Kharagpur,22.336624256074774,87.34574673001217,2
Kharagpur,22.310471946382425,87.26991802865449,1
Kharagpur,22.386132120167655,87.34054605486045,3
Kharagpur,22.267169437580282,87.26589351337029,3
Kharagpur,22.30763801561448,87.27823412144915,4
Kharagpur,22.350425018058868,87.27000319719768,2
Kharagpur,22.355464436291697,87.33984924579997,2
Kharagpur,22.32486828024237,87.22421833760902,3
Kharagpur,22.345115124192397,87.3237006261812,3
Kharagpur,22.29370056573962,87.33038461777886,4
Kharagpur,22.330689741653117,87.23755903136329,3
Kharagpur,22.37538760446552,87.22070525768352,3
Kharagpur,22.323552775695962,87.3211213344899,1
Kharagpur,22.293326433844907,87.2237994268928,2
Kharagpur,22.279947486842072,87.26541496647444,1
Kharagpur,22.30860938612589,87.33734390194638,3
Kharagpur,22.397973817361734,87.32770775618174,5
Kharagpur,22.376218399189998,87.22974257286522,1
Kharagpur,22.360818898232985,87.29616084107857,3
Kharagpur,22.264318667094063,87.28691618011351,1
Kharagpur,22.344225213496145,87.26276010289152,3
Kharagpur,22.27327923440144,87.24602483227412,3
Kharagpur,22.327057202205037,87.3234800275587,3
Kharagpur,22.289809834212583,87.28604772616997,5
Kharagpur,22.347538946715403,87.27342674284304,1
Kharagpur,22.28494554700771,87.23776686514935,2
Kharagpur,22.382906607087097,87.31176050898802,1
Kharagpur,22.347365625897982,87.27292331009849,2
Kharagpur,22.26406025152013,87.24572463600178,5
Kharagpur,22.26276309146006,87.26154019747625,2
Kharagpur,22.329334370725682,87.29254436615692,1
Kharagpur,22.27392357286014,87.24846531113178,2
Kharagpur,22.336960539502652,87.23156648992855,2
Kharagpur,22.3438895669196,87.2912608583516,3
Kharagpur,22.280591015835512,87.28633187629721,2
Kharagpur,22.317986716986784,87.3185081892192,4
Kharagpur,22.288124293428496,87.28727254719949,1
Kharagpur,22.33752707597543,87.32619291312733,3
Kharagpur,22.318835265600537,87.20218906760104,2
Kharagpur,22.366325056503698,87.3473540155617,5
Kharagpur,22.250999366179638,87.26460471224398,1
Kharagpur,22.39293824145985,87.20333376521995,1
Kharagpur,22.270008739156303,87.23123465266008,1
Kharagpur,22.379338499874923,87.32918291415346,2
Kharagpur,22.345467030674023,87.2056509925222,1
Kharagpur,22.377723512662495,87.2110370221529,3
Kharagpur,22.339880818453953,87.33880344698028,1
Kharagpur,22.377579688635212,87.32271743718607,3
Kharagpur,22.3129534550194,87.23514579772979,3
Kharagpur,22.32913687543831,87.21274304510231,3
Kharagpur,22.39365071702414,87.30420153951383,2
Kharagpur,22.365381940946417,87.29298592060165,1
Kharagpur,22.380861575303857,87.22746257849674,2
Kharagpur,22.318414230086802,87.21932591599713,4
Kharagpur,22.289952640938772,87.23150998057513,4
Kharagpur,22.320019234257714,87.34350270912645,3
Kharagpur,22.30886521279673,87.28487969942464,5
Kharagpur,22.25367303973053,87.27600188225449,5
Kharagpur,22.329624643514688,87.21679318238401,4
Kharagpur,22.378791760485793,87.30631721098293,2
Kharagpur,22.307281601265057,87.24281105005544,1
Kharagpur,22.299565185059848,87.33466100214707,1
Kharagpur,22.376609316195097,87.20506407705214,5
Kharagpur,22.38912414966165,87.24760297449133,3
Kharagpur,22.333229113424025,87.31612608171113,4
Kharagpur,22.365980909913386,87.2340738962876,3
Kharagpur,22.323474058647008,87.25328703450015,2
Kharagpur,22.317908702261274,87.28651826319802,4
Kharagpur,22.35385673255154,87.28498078627149,1
Kharagpur,22.308502346007696,87.30739819540652,2
Kharagpur,22.382702997442404,87.33344765142184,4
Kharagpur,22.259386101471858,87.32295322027954,3
Kharagpur,22.334830005691256,87.20498456529421,4
Kharagpur,22.324424370164426,87.24122854799477,2
Kharagpur,22.28561476219802,87.29108315212723,1
Kharagpur,22.266357353860684,87.32970272445769,1
Kharagpur,22.354524705128103,87.34944170608696,5
Kharagpur,22.36369319016166,87.20258147698578,3
Kharagpur,22.33961212055206,87.32931770528212,4
Kharagpur,22.342821424951797,87.27210154133515,4
Kharagpur,22.387661455724636,87.30960036164035,1
Kharagpur,22.27180909352929,87.34541459344334,4
Kharagpur,22.285117374238425,87.29142421087843,1
Kharagpur,22.35409113394823,87.32397926267971,4
Kharagpur,22.396598689032896,87.26833601105648,4
Kharagpur,22.312853501829537,87.29274191503289,4
Kharagpur,22.340331483063324,87.32393317480623,2
Kharagpur,22.3147522501058,87.29633914892115,4
Kharagpur,22.35770386016283,87.33516659069116,2
Kharagpur,22.391657713756373,87.29079062896756,3
Kharagpur,22.3552416267181,87.23878265032272,2
Kharagpur,22.33874760365571,87.3102016413798,5
Kharagpur,22.320440576420093,87.29057961849459,4
Kharagpur,22.252031570121773,87.23059373127026,2
Kharagpur,22.32313077039018,87.27227449322974,5
Kharagpur,22.35309858752748,87.26483077463193,4
Kharagpur,22.39671056849352,87.34252884726355,3
Kharagpur,22.262191506591705,87.25309712665567,3
Kharagpur,22.344814110510644,87.29034687725714,2
Kharagpur,22.28558688678751,87.2500592717587,3
Kharagpur,22.353992219847694,87.33215176519633,4
Kharagpur,22.361078537932716,87.211780862372,4
Kharagpur,22.286580674966217,87.2412031836112,5
Kharagpur,22.39094988454682,87.32048203873687,4
Kharagpur,22.3059903522892,87.2913016696632,5
Kharagpur,22.337197371525793,87.2679454247697,2
Kharagpur,22.290868867475055,87.33718430702616,3
Kharagpur,22.32784135090401,87.34917795094259,3
Kharagpur,22.30901111247802,87.34040617188919,3
Kharagpur,22.333340671773822,87.28746787508601,1
Kharagpur,22.364339760200018,87.23834085008255,1
Kharagpur,22.375572161615338,87.23870268913583,5
Kharagpur,22.292451197416458,87.31272766585867,3
Kharagpur,22.37867017097397,87.26930321427854,2
Kharagpur,22.308074766557695,87.23563345460519,2
Kharagpur,22.330452168908486,87.27410157707918,4
Kharagpur,22.313831669611908,87.22075070260058,2
Kharagpur,22.387968565431073,87.20125570707377,1
Kharagpur,22.330885807773615,87.2341728281157,3
Kharagpur,22.28206370113735,87.3408189481474,4
Kharagpur,22.391174597621838,87.32636131419267,1
Kharagpur,22.294992056682517,87.21268884719507,1
Kharagpur,22.36613431085745,87.34123469583481,5
Kharagpur,22.35312945971044,87.24507627342324,2
Kharagpur,22.333845502125225,87.26339534821166,5
Kharagpur,22.32297658814973,87.30417333714344,3
Kharagpur,22.358226818887292,87.24461629612098,5
Kharagpur,22.346461217321036,87.22374661935586,3
Kharagpur,22.282953958894787,87.3157025296241,5
Kharagpur,22.27645479138533,87.23413890352077,4
Kharagpur,22.291279258491908,87.32729220005197,5
Kharagpur,22.262923919816842,87.20724676950825,5
Kharagpur,22.38727399843665,87.32752957619006,5
Kharagpur,22.364882859099218,87.22186791960422,2
Kharagpur,22.35079974732018,87.27546428542475,1
Kharagpur,22.32079722305574,87.28100903472537,2
Kharagpur,22.27154366190681,87.31566042063984,1
Kharagpur,22.316624235401147,87.24350116185055,5
Kharagpur,22.302114943055248,87.2985209576585,4
Kharagpur,22.31888025787239,87.31036194356109,1
Kharagpur,22.315208164067034,87.21164837066219,3
Kharagpur,22.269781626115808,87.30830321342681,5
Kharagpur,22.253529034270265,87.33348099956855,4
Kharagpur,22.27551763062701,87.30080652972399,4
Kharagpur,22.365249126432094,87.33162776085042,5
Kharagpur,22.303497543574075,87.25364144181604,3
Kharagpur,22.285632996195368,87.3280142249362,3
Kharagpur,22.27624082835314,87.21478876204162,3
Kharagpur,22.399306353140005,87.31243503634259,1
Kharagpur,22.261346909443542,87.33684682049214,1
Kharagpur,22.365206940774872,87.22659487012967,1
Kharagpur,22.38028538468485,87.25437642100479,1
Kharagpur,22.295497075500965,87.24252545787526,4
Kharagpur,22.25796535463971,87.23398770042391,2
Kharagpur,22.301169048990978,87.3074680634237,4
Kharagpur,22.27871934247214,87.22377490737814,4
Kharagpur,22.37843531748614,87.22422998649007,5
Kharagpur,22.3518191363944,87.22743371927737,2
Kharagpur,22.274247237489416,87.28455363714528,5
Kharagpur,22.3579874158268,87.27986929700063,4
Kharagpur,22.306988654005266,87.2297147746615,3
Kharagpur,22.323535716894167,87.24165168271786,4
Kharagpur,22.342054387573814,87.2506762815322,5
Kharagpur,22.33788165455491,87.21769498906225,2
Kharagpur,22.30241943427895,87.34128021871155,2
Kharagpur,22.259535953329014,87.23238227552943,3
Kharagpur,22.327769849901106,87.24051552684628,5
Kharagpur,22.330705398398756,87.27745016040659,4
Kharagpur,22.32943411660968,87.24111402340671,2
Kharagpur,22.276511369146903,87.3404282996998,3
Kharagpur,22.347337747465357,87.22410574010163,1
Kharagpur,22.304173888108664,87.20085920326376,2
Kharagpur,22.26176365970728,87.20618025383209,4
Kharagpur,22.378109437968114,87.25135631178728,1
Kharagpur,22.32919411580102,87.32309805668388,4
Kharagpur,22.376924953810477,87.23900495221687,2
Kharagpur,22.385096168842182,87.25746866424704,5
Kharagpur,22.329031102408255,87.34429735979037,3
Kharagpur,22.382291994309895,87.26191140887885,2
Kharagpur,22.369610988506096,87.2992945758787,4
Kharagpur,22.382337124443506,87.34884899276584,5
Kharagpur,22.294830971534868,87.32939264624449,2
Kharagpur,22.250603402555026,87.28443868998498,2
Kharagpur,22.387877767669757,87.27000601626865,5
Kharagpur,22.297122491547874,87.2418830369464,1
Kharagpur,22.326825264751108,87.26036958013313,1
Kharagpur,22.321138561090724,87.21449588103671,3
Kharagpur,22.33915710143512,87.20382311076185,3
Kharagpur,22.325446127987682,87.2520350039327,1
Kharagpur,22.353241096616948,87.26151792788131,4
Kharagpur,22.314052431590024,87.32863589977595,2
Kharagpur,22.26943517762504,87.23029715259334,3
Kharagpur,22.26119284712664,87.26002421238343,5
Kharagpur,22.27577329425065,87.31113132044094,3
Kharagpur,22.396109194202868,87.27205468778301,4
Kharagpur,22.352515731063992,87.29965312422044,1
Kharagpur,22.270702558505498,87.26944433649065,2
Kharagpur,22.304954715884428,87.23300640554346,3
Kharagpur,22.366271027493596,87.32734390998696,2
Kharagpur,22.330501170228388,87.20682769673914,2
Kharagpur,22.27902433859725,87.2169465037552,1
Kharagpur,22.30024065675842,87.34538722518249,1
Kharagpur,22.367596553960155,87.29799460655126,5
Kharagpur,22.38609018576,87.308264550894,3
Kharagpur,22.362472060636296,87.30655612495013,3
Kharagpur,22.274007530176814,87.21737933144476,5
Kharagpur,22.261858367430307,87.20196311205754,1
Kharagpur,22.263042529389974,87.3061264094409,1
Kharagpur,22.260572359761916,87.29860387970909,1
Kharagpur,22.261942566248116,87.22849200666042,2
Kharagpur,22.2816330897582,87.20646657637869,4
Kharagpur,22.315271324775203,87.34448544069814,2
Kharagpur,22.26541534877072,87.33445385389876,1
Kharagpur,22.330680779372177,87.22502324211739,1
Kharagpur,22.347687223311173,87.20548787804572,2
Kharagpur,22.31942431226164,87.32817306320946,3
Kharagpur,22.25619278609063,87.20548148680396,1
Kharagpur,22.27873822865728,87.31099201074986,5
Kharagpur,22.252352484364984,87.34829005384255,5
Kharagpur,22.38543995818166,87.23138921188685,5
Kharagpur,22.293456883209508,87.29544690727006,1
Kharagpur,22.33751808540421,87.25126754681902,4
Kharagpur,22.33050167903819,87.2513832342603,2
Kharagpur,22.305955870658206,87.28550269430015,1
Kharagpur,22.257227531167825,87.34014765125481,1
Kharagpur,22.26443434849174,87.21279956863387,3
Kharagpur,22.338601162508127,87.30995576628655,1
Kharagpur,22.331109278589995,87.32081867439494,5
Kharagpur,22.275016348705158,87.31193511590224,1
Kharagpur,22.274237180387164,87.22040729925389,2
Kharagpur,22.33979025530736,87.20014163500493,1
Kharagpur,22.32976304036115,87.2526726417789,5
Kharagpur,22.262463296464663,87.25807666465072,4
Kharagpur,22.374052218123804,87.25160383493696,4
Kharagpur,22.310848928947422,87.22749404963274,5
Kharagpur,22.282468641815274,87.24289094772509,1
Kharagpur,22.296368213122474,87.2289860578229,5
Kharagpur,22.340678883698047,87.29554674327437,1
Kharagpur,22.292565054875958,87.20601801297822,1
Kharagpur,22.39006947487474,87.23926440669139,3
Kharagpur,22.351319526460614,87.21558921555409,4
Kharagpur,22.32745919338135,87.28095291421423,1
Kharagpur,22.321502568012857,87.30237873605732,3
Kharagpur,22.36013013137174,87.20239913564892,1
Kharagpur,22.26349346260021,87.23675187579015,2
Kharagpur,22.366296129172863,87.27194020325393,1
Kharagpur,22.35747747307581,87.27991600062708,1
Kharagpur,22.26331171473596,87.22268123165318,3
Kharagpur,22.39768046036298,87.27003020949046,1
Kharagpur,22.25676080767487,87.26519369855369,3
Kharagpur,22.370872792701935,87.2701108704812,1
Kharagpur,22.38448644467034,87.25057030913948,4
Kharagpur,22.283779111263378,87.280399855334,4
Kharagpur,22.258437116281605,87.21887004706925,5
Kharagpur,22.367369603418055,87.23137412601697,5
Kharagpur,22.309993971454784,87.30955288850082,2
Kharagpur,22.347942599075107,87.2858427954976,5
Kharagpur,22.356586074482145,87.25972069937076,5
Kharagpur,22.292194547094006,87.22509830976117,5
Kharagpur,22.392701131429714,87.24001839859827,1
Kharagpur,22.272844862133105,87.202824661316,4
Kharagpur,22.365012253031587,87.24445071343332,1
Kharagpur,22.3699606220464,87.30297489208547,3
Kharagpur,22.281287497853413,87.25780655977641,1
Kharagpur,22.328216443461567,87.34737268706672,4
Kharagpur,22.399683647804743,87.25426712816952,5
Kharagpur,22.312084997108386,87.2239445045645,3
Kharagpur,22.364395309613823,87.20070262817389,1
Kharagpur,22.29205421265767,87.25321521826193,4
Kharagpur,22.357982454186665,87.22962237583471,4
Kharagpur,22.281533199831465,87.25056925076247,4
Kharagpur,22.28101110158628,87.30683650443675,2
Kharagpur,22.285514005956003,87.342581984683,5
Kharagpur,22.323198483047893,87.28542939281714,4
Kharagpur,22.340337524939624,87.20877986067562,2
Kharagpur,22.386356047655187,87.28893237931723,3
Kharagpur,22.33118692478702,87.33985433348373,5
Kharagpur,22.398286151954107,87.30678422078789,4
Kharagpur,22.29481558544244,87.3030731926117,3
Kharagpur,22.292391118176884,87.30557423048278,5
Kharagpur,22.3959109667505,87.32581345363283,1
Kharagpur,22.325264333837602,87.30773314365996,3
Kharagpur,22.338770330036574,87.23959505986345,5
Kharagpur,22.38715616603039,87.26741523371417,4
Kharagpur,22.388360090687595,87.33238354696297,2
Kharagpur,22.333851210291694,87.3132225246159,1
Kharagpur,22.365605241790792,87.25047140168071,4
Kharagpur,22.352662281504838,87.31263437070098,3
Kharagpur,22.357393122797152,87.23935503582067,1
Kharagpur,22.37125467194595,87.33705919640649,5
Kharagpur,22.347018870482795,87.34067656266843,3
Kharagpur,22.336039897593736,87.28687994978266,1
Kharagpur,22.286561723898185,87.26719713157644,1
Kharagpur,22.397299116961015,87.25969011116533,3
Kharagpur,22.329380472802356,87.20576667321713,3
Kharagpur,22.338319956614452,87.32896933830537,4
Kharagpur,22.319392382146585,87.21119946303776,5
Kharagpur,22.277884018400012,87.32661264765613,1
Kharagpur,22.304456419693295,87.26482625145486,1
Kharagpur,22.37033552108739,87.26809979411827,1
Kharagpur,22.3610211733539,87.2109268257602,2
Kharagpur,22.32753293871206,87.28630986691479,1
Kharagpur,22.302350680106603,87.21021128946875,5
Kharagpur,22.355008354469277,87.22693558166718,4
Kharagpur,22.320315054657286,87.31389105327193,4
Kharagpur,22.340964006044373,87.26443696663037,5
Kharagpur,22.30338708021695,87.25941157880902,3
Kharagpur,22.259885219465545,87.31280598606024,4
Kharagpur,22.258974182663565,87.29377097913213,2
Kharagpur,22.33554996334216,87.26395128529548,4
Kharagpur,22.358273346585964,87.28308856546731,4
Kharagpur,22.25663028652139,87.34411120320908,3
Kharagpur,22.279733309299854,87.2573796257045,2
Kharagpur,22.369395146744907,87.30064312184187,1
Kharagpur,22.347052128468583,87.33826433588942,1
Kharagpur,22.26932124807265,87.24039579452528,5
Kharagpur,22.301587021164753,87.27724121832779,2
Kharagpur,22.306260846390053,87.31177244031453,1
Kharagpur,22.310175570617915,87.22404458720024,3
Kharagpur,22.334688638356862,87.20252358605885,3
Kharagpur,22.3876027641217,87.34223007278108,5
Kharagpur,22.320119286324438,87.29735668392979,2
Kharagpur,22.325461709177233,87.3371298192276,2
Kharagpur,22.319608940765786,87.2602688444942,1
Kharagpur,22.362731384481304,87.32041849890206,2
Kharagpur,22.375479218242628,87.20950460601509,3
Kharagpur,22.297109194978205,87.23340191926967,5
Kharagpur,22.381018413381863,87.25076315596147,5
Kharagpur,22.36454772774868,87.259653180162,3
Kharagpur,22.328920386464773,87.29201129882516,3
Kharagpur,22.25643471279936,87.34476019844068,2
Kharagpur,22.32984631544594,87.29114572196171,3
Kharagpur,22.344883641113643,87.27195873673786,3
Kharagpur,22.263934080866612,87.32284513412003,5
Kharagpur,22.392479934445518,87.27968215366195,3
Kharagpur,22.382827749303328,87.31507969480357,5
Kharagpur,22.250273759010202,87.23315473483979,2
Kharagpur,22.32638886867756,87.26716706150013,2
Kharagpur,22.371351533418977,87.28921481859098,2
Kharagpur,22.280860063004837,87.23681644807064,5
Kharagpur,22.305499880267874,87.20284824713481,1
Kharagpur,22.300097066561037,87.26654872505688,2
Kharagpur,22.274574908342107,87.27370119790221,5
Kharagpur,22.29703232191663,87.21758803105176,5
Kharagpur,22.381596963281225,87.33583774190177,2
Kharagpur,22.30539375188227,87.25253798321678,1
Kharagpur,22.39139881416161,87.20955087277156,5
Kharagpur,22.27792630255422,87.33918226709993,1
Kharagpur,22.33567731154348,87.2360700097513,5
Kharagpur,22.3175345649879,87.30924441719044,3
Kharagpur,22.274833724078302,87.25109657938546,5
Kharagpur,22.25439076135924,87.2319121711046,2
Kharagpur,22.387664062725776,87.23530751886952,1
Kharagpur,22.361856023530247,87.24829659542517,5
Kharagpur,22.354351155849393,87.29922143932819,4
Kharagpur,22.39500368165064,87.34686594624621,5
Kharagpur,22.39941886471878,87.2451431729609,3
Kharagpur,22.384326538012303,87.28089255706404,3
Kharagpur,22.341510876617146,87.20118519974879,3
Kharagpur,22.278679531781282,87.28554455135396,1
Kharagpur,22.362441937404856,87.26372346634487,1
Kharagpur,22.25080576388304,87.3191170685603,4
Kharagpur,22.351886337287567,87.25417391108117,5
Kharagpur,22.315191183785927,87.34270662510983,2
Kharagpur,22.28997567373908,87.32980066752832,3
Kharagpur,22.393649308706813,87.29773703806461,2
Kharagpur,22.25906589547147,87.22059813640647,5
Kharagpur,22.383993688345623,87.28011887501283,2
Kharagpur,22.289250903148336,87.20454192180557,4
Kharagpur,22.339090790797094,87.2104706379903,3
Kharagpur,22.346618884827045,87.28761898849756,4
Kharagpur,22.357216270583987,87.2094738697054,1
Kharagpur,22.287356310762625,87.25141952917726,1
Kharagpur,22.30613398291639,87.23749882172436,4
Kharagpur,22.258865844220878,87.32684379489822,4
Kharagpur,22.38285096884974,87.21260910979763,2
Kharagpur,22.371158278928693,87.2750120177032,3
Kharagpur,22.318286488012248,87.34594873187967,2
Kharagpur,22.263367916386226,87.27797423485343,1
Kharagpur,22.382533144247944,87.23195264779088,3
Kharagpur,22.39320171895453,87.21465706255526,4
Kharagpur,22.31060709012107,87.30536461229154,2
Kharagpur,22.273887298354296,87.32699316935586,5
Kharagpur,22.327187537182308,87.31508230671686,5
Kharagpur,22.33159420842193,87.21204963391172,1
Kharagpur,22.284966041714856,87.20103579687499,2
Kharagpur,22.32708714952388,87.24637887134678,3
Kharagpur,22.35651817582864,87.24139330263544,3
Kharagpur,22.32788856508186,87.25513903310448,1
Kharagpur,22.28280927099538,87.32666956988447,1
Kharagpur,22.376793610089365,87.3084052524952,1
Kharagpur,22.26380614753419,87.33333571767645,4
Kharagpur,22.397261365609328,87.25647438638659,4
Kharagpur,22.26021228451325,87.28580480485596,1
Kharagpur,22.2716704680041,87.26121188887628,2
Kharagpur,22.35232192586785,87.33775181830019,4
Kharagpur,22.315397586743355,87.2243078811205,2
Kharagpur,22.265118943962467,87.22019768373984,2
Kharagpur,22.388564754390128,87.24112409363231,2
Kharagpur,22.351752639834686,87.26275745186348,5
Kharagpur,22.360071801458734,87.33057014736282,1
Kharagpur,22.26839037060077,87.33543038884554,4
Kharagpur,22.26523345257632,87.27033845146644,3
Kharagpur,22.352859683242276,87.2015297650332,1
Kharagpur,22.392395664246667,87.34567867484414,4
Kharagpur,22.294725168464833,87.23528093635424,2
Kharagpur,22.36369922190052,87.2709251081675,2
Kharagpur,22.373644530778957,87.20620950060903,2
Kharagpur,22.3564475928538,87.33189870720476,3
Kharagpur,22.26432893359624,87.31943070665791,3
Kharagpur,22.33476764690082,87.3287899474759,4
Kharagpur,22.348681575635982,87.23534438708138,3
Kharagpur,22.366981663764342,87.32855515900395,1
Kharagpur,22.38949309090393,87.3361366085775,5
